<?xml version="1.0" encoding="UTF-8" ?>
<!DOCTYPE mapper
PUBLIC "-//mybatis.org//DTD Mapper 3.0//EN"
"http://mybatis.org/dtd/mybatis-3-mapper.dtd">
<mapper namespace="com.ruoyi.system.mapper.TbPurchaseFarmMapper">
    
    <resultMap type="TbPurchaseFarm" id="TbPurchaseFarmResult">
        <result property="newsId"    column="news_id"    />
        <result property="title"    column="title"    />
        <result property="content"    column="content"    />
        <result property="delFlag"    column="del_flag"    />
        <result property="createBy"    column="create_by"    />
        <result property="createTime"    column="create_time"    />
        <result property="updateBy"    column="update_by"    />
        <result property="updateTime"    column="update_time"    />
        <result property="remark"    column="remark"    />
        <result property="firstColumn"    column="first_column"    />
        <result property="secondColumn"    column="second_column"    />
        <result property="sort"    column="sort"    />
    </resultMap>

    <sql id="selectTbPurchaseFarmVo">
        select news_id, title, content, del_flag, create_by, create_time, update_by, update_time, remark, first_column, second_column, sort from tb_purchase_farm
    </sql>

    <select id="selectTbPurchaseFarmList" parameterType="TbPurchaseFarm" resultMap="TbPurchaseFarmResult">
        <include refid="selectTbPurchaseFarmVo"/>
        <where>  
            <if test="title != null  and title != ''"> and title = #{title}</if>
            <if test="content != null  and content != ''"> and content = #{content}</if>
            <if test="firstColumn != null  and firstColumn != ''"> and first_column = #{firstColumn}</if>
            <if test="secondColumn != null  and secondColumn != ''"> and second_column = #{secondColumn}</if>
            <if test="sort != null  and sort != ''"> and sort = #{sort}</if>
        </where>
    </select>

    <select id="selectTbPurchaseFarmByFirstColumn" parameterType="String" resultMap="TbPurchaseFarmResult">
        <include refid="selectTbPurchaseFarmVo"/>
        where first_column = #{firstColumn}
    </select>

    <select id="selectTbPurchaseFarmByNewsId" parameterType="Long" resultMap="TbPurchaseFarmResult">
        <include refid="selectTbPurchaseFarmVo"/>
        where news_id = #{newsId}
    </select>
        
    <insert id="insertTbPurchaseFarm" parameterType="TbPurchaseFarm" useGeneratedKeys="true" keyProperty="newsId">
        insert into tb_purchase_farm
        <trim prefix="(" suffix=")" suffixOverrides=",">
            <if test="title != null">title,</if>
            <if test="content != null">content,</if>
            <if test="delFlag != null">del_flag,</if>
            <if test="createBy != null">create_by,</if>
            <if test="createTime != null">create_time,</if>
            <if test="updateBy != null">update_by,</if>
            <if test="updateTime != null">update_time,</if>
            <if test="remark != null">remark,</if>
            <if test="firstColumn != null">first_column,</if>
            <if test="secondColumn != null">second_column,</if>
            <if test="sort != null">sort,</if>
         </trim>
        <trim prefix="values (" suffix=")" suffixOverrides=",">
            <if test="title != null">#{title},</if>
            <if test="content != null">#{content},</if>
            <if test="delFlag != null">#{delFlag},</if>
            <if test="createBy != null">#{createBy},</if>
            <if test="createTime != null">#{createTime},</if>
            <if test="updateBy != null">#{updateBy},</if>
            <if test="updateTime != null">#{updateTime},</if>
            <if test="remark != null">#{remark},</if>
            <if test="firstColumn != null">#{firstColumn},</if>
            <if test="secondColumn != null">#{secondColumn},</if>
            <if test="sort != null">#{sort},</if>
         </trim>
    </insert>

    <update id="updateTbPurchaseFarm" parameterType="TbPurchaseFarm">
        update tb_purchase_farm
        <trim prefix="SET" suffixOverrides=",">
            <if test="title != null">title = #{title},</if>
            <if test="content != null">content = #{content},</if>
            <if test="delFlag != null">del_flag = #{delFlag},</if>
            <if test="createBy != null">create_by = #{createBy},</if>
            <if test="createTime != null">create_time = #{createTime},</if>
            <if test="updateBy != null">update_by = #{updateBy},</if>
            <if test="updateTime != null">update_time = #{updateTime},</if>
            <if test="remark != null">remark = #{remark},</if>
            <if test="firstColumn != null">first_column = #{firstColumn},</if>
            <if test="secondColumn != null">second_column = #{secondColumn},</if>
            <if test="sort != null">sort = #{sort},</if>
        </trim>
        where news_id = #{newsId}
    </update>

    <delete id="deleteTbPurchaseFarmByNewsId" parameterType="Long">
        delete from tb_purchase_farm where news_id = #{newsId}
    </delete>

    <delete id="deleteTbPurchaseFarmByNewsIds" parameterType="String">
        delete from tb_purchase_farm where news_id in 
        <foreach item="newsId" collection="array" open="(" separator="," close=")">
            #{newsId}
        </foreach>
    </delete>
</mapper>